ReceptorResidue,LigandResidue,Interaction Constituents,Distance,Type
r:SER534,l:ASP8,l:ASP8:HN - r:SER534:O,2.4064,Conventional
r:ASP382,l:ALA13,l:ALA13:HN - r:ASP382:OD2,2.2816,Conventional
r:PRO454,l:SER14,l:SER14:HN - r:PRO454:O,1.9174,Conventional
r:ASP440,l:GLY18,l:GLY18:HN - r:ASP440:OD2,2.5774,Conventional
r:LYS355,l:GLY2,r:LYS355:HZ1 - l:GLY2:O,1.9231,Conventional
r:SER436,l:PRO16,r:SER436:HG - l:PRO16:O,2.1238,Conventional
r:SER436,l:LEU17,r:SER436:HG - l:LEU17:O,2.3747,Conventional
r:SER451,l:PRO20,r:SER451:HG - l:PRO20:OCT2,2.5826,Conventional
r:ARG497,l:PRO20,r:ARG497:HH12 - l:PRO20:OCT1,2.0833,Conventional
r:LYS537,l:LEU6,r:LYS537:HZ2 - l:LEU6:O,2.4322,Conventional
r:ARG538,l:GLU1,r:ARG538:HH12 - l:GLU1:O,2.7702,Conventional
r:ARG538,l:PRO9,r:ARG538:HH12 - l:PRO9:O,2.5881,Conventional
r:ARG538,l:PRO3,r:ARG538:HH21 - l:PRO3:O,2.299,Conventional
r:TRP539,l:ALA13,r:TRP539:HE1 - l:ALA13:O,2.9607,Conventional
r:TYR492,l:PRO3,l:PRO3:HD2 - r:TYR492:OH,2.4986,Carbon
r:ASP524,l:PRO12,l:PRO12:HD1 - r:ASP524:O,3.0166,Carbon
r:ASP382,l:PRO12,l:PRO12:HA - r:ASP382:OD2,2.623,Carbon
r:PRO454,l:ALA13,l:ALA13:HA - r:PRO454:O,2.6924,Carbon
r:ARG538,l:ASP8,r:ARG538:HD1 - l:ASP8:O,3.0407,Carbon
